,City,Cloudiness,Country,Date,Humidity,Lat,Lng,Max Temp,Wind Speed
0,raton,1,US,1580008145,51,36.9,-104.44,37.4,3.36
1,puerto lempira,90,ES,1580008207,100,36.59,-6.23,53.6,4.54
2,vaini,75,TO,1580008210,88,-21.2,-175.2,80.6,13.87
3,hobart,40,AU,1580008169,35,-42.88,147.33,71.6,18.34
4,jamestown,90,US,1580008210,97,42.1,-79.24,34.0,6.93
5,georgetown,20,MY,1580007685,66,5.41,100.34,86.0,6.93
6,lebu,0,CL,1580007876,85,-37.62,-73.65,61.23,7.78
7,naze,75,JP,1580008211,94,28.37,129.48,71.6,8.05
8,huarmey,100,PE,1580008152,62,-10.07,-78.15,76.44,4.16
9,nyurba,100,RU,1580008211,97,63.28,118.33,-14.87,7.81
10,luoyang,100,CN,1580008211,94,34.68,112.45,34.9,1.74
11,omsukchan,100,RU,1580007707,100,62.53,155.8,-26.68,10.09
12,atuona,74,PF,1580008211,77,-9.8,-139.03,80.74,13.8
13,nantucket,90,US,1580008125,93,41.28,-70.1,50.0,19.46
14,lagoa,100,PT,1580008212,65,39.05,-27.98,57.72,8.63
15,namibe,69,AO,1580007903,74,-15.2,12.15,74.68,12.53
16,rikitea,0,PF,1580008212,77,-23.12,-134.97,79.11,10.22
17,tiksi,0,RU,1580007699,67,71.69,128.87,-28.1,5.19
18,anadyr,90,RU,1580007706,78,64.75,177.48,15.8,13.42
19,adeje,75,ES,1580008065,51,28.12,-16.73,60.8,6.93
20,ushuaia,75,AR,1580008196,75,-54.8,-68.3,46.4,23.04
21,sobolevo,0,RU,1580008210,87,54.43,31.9,28.29,8.43
22,mahebourg,75,MU,1580008213,78,-20.41,57.7,77.0,11.41
23,thompson,90,CA,1580007686,92,55.74,-97.86,15.8,2.24
24,bathsheba,75,BB,1580008164,83,13.22,-59.52,77.0,1.12
25,cabo san lucas,40,BR,1580008133,78,-8.28,-35.03,82.4,8.05
26,buraydah,0,SA,1580008187,100,26.33,43.98,37.4,6.93
27,troitskoye,100,RU,1580008213,92,52.98,84.68,15.03,6.24
28,mataura,64,NZ,1580008140,58,-46.19,168.86,77.65,0.58
29,alyangula,75,AU,1580008214,66,-13.85,136.42,89.6,10.29
30,arraial do cabo,0,BR,1580008214,73,-22.84,-46.65,69.8,8.05
31,codrington,100,AU,1580008156,78,-38.27,141.97,61.56,20.42
32,dibulla,100,CO,1580008214,88,11.27,-73.31,78.03,8.66
33,fortuna,90,US,1580007686,87,40.6,-124.16,59.0,10.29
34,jurm,100,AF,1580008214,58,36.86,70.83,10.96,7.99
35,tasiilaq,100,GL,1580007925,79,65.61,-37.64,28.4,27.51
36,hailar,100,CN,1580007939,87,49.2,119.7,4.84,7.0
37,albany,90,US,1580008215,100,42.6,-73.97,39.2,3.36
38,puerto quijarro,90,ES,1580008207,100,36.59,-6.23,53.6,4.54
39,carutapera,100,BR,1580008215,81,-1.2,-46.02,82.24,19.93
40,mackay,90,AU,1580008180,88,-21.15,149.2,82.99,9.17
41,busselton,97,AU,1580007689,28,-33.65,115.33,91.0,5.23
42,namie,75,JP,1580008215,48,37.48,141.0,48.0,5.82
43,punta arenas,0,PH,1580008216,67,8.99,125.34,85.86,4.56
44,kapaa,40,US,1580008216,65,22.08,-159.32,78.8,6.93
45,east london,90,IS,1580008216,86,65.0,-15.0,30.2,19.46
46,aykhal,100,RU,1580008181,74,66.0,111.5,-27.4,6.71
47,geraldton,15,AU,1580008183,58,-28.77,114.6,82.4,12.75
48,barrow,75,US,1580007510,75,71.29,-156.79,-20.2,9.17
49,port alfred,98,CD,1580008217,71,-7.03,29.76,76.24,0.92
50,nokaneng,77,BW,1580008217,54,-19.67,22.27,72.93,3.91
51,tuatapere,98,NZ,1580008159,51,-46.13,167.68,65.64,4.76
52,bubaque,92,GW,1580008176,70,11.28,-15.83,77.86,7.76
53,vila franca do campo,75,PT,1580008217,100,42.03,-8.16,52.0,6.93
54,pevek,100,RU,1580007717,96,69.7,170.31,-9.44,0.45
55,birao,67,CF,1580008170,19,10.28,22.79,58.68,13.94
56,iracoubo,100,GF,1580008218,83,5.48,-53.2,79.95,18.81
57,khatanga,22,RU,1580007724,96,71.97,102.5,-23.94,2.64
58,moranbah,100,AU,1580008042,81,-22.0,148.05,76.98,3.98
59,christchurch,0,NZ,1580008089,64,-43.53,172.63,84.0,13.87
60,maragogi,40,BR,1580008220,84,-9.01,-35.22,81.54,15.19
61,nuuk,100,GL,1580008181,72,64.18,-51.72,14.0,6.93
62,makakilo city,20,US,1580008222,65,21.35,-158.09,82.4,9.17
63,coihaique,5,CL,1580008223,51,-45.58,-72.07,59.0,5.82
64,kerema,2,PG,1580007707,51,-7.96,145.78,90.32,8.41
65,udachnyy,100,RU,1580007803,74,66.42,112.4,-27.4,6.71
66,iqaluit,5,CA,1580008157,66,63.75,-68.51,-29.0,10.29
67,selkirk,90,CA,1580008224,85,50.14,-96.88,23.0,12.75
68,adrar,100,MR,1580008224,23,20.5,-10.07,73.99,10.58
69,dalby,75,AU,1580008225,61,-27.18,151.27,90.0,5.82
70,dickinson,90,US,1580008226,72,29.46,-95.05,64.4,19.46
71,puerto ayora,90,ES,1580008207,100,36.59,-6.23,53.6,4.54
72,chokurdakh,100,RU,1580008166,86,70.63,147.92,-22.23,5.99
73,tuktoyaktuk,90,CA,1580007722,75,69.45,-133.04,-13.0,25.28
74,russell,1,US,1580008235,80,32.35,-85.2,46.4,3.36
75,ketchikan,90,US,1580008235,87,55.34,-131.65,46.4,23.04
76,corinto,20,GR,1580008235,93,37.94,22.96,52.0,3.96
77,olafsvik,77,IS,1580008205,82,64.89,-23.71,31.23,15.55
78,talnakh,75,RU,1580007702,77,69.49,88.4,5.0,11.18
79,bani walid,57,DO,1580008068,95,18.28,-70.33,77.0,1.81
80,kruisfontein,89,ZA,1580008174,87,-34.0,24.73,64.71,22.73
81,kavaratti,20,IN,1580007529,83,10.57,72.64,78.8,2.28
82,mar del plata,0,ES,1580008236,87,43.4,-4.01,43.0,6.44
83,paita,100,PE,1580008236,71,-5.09,-81.11,78.21,12.91
84,carnarvon,13,AU,1580008023,58,-24.87,113.63,84.2,19.46
85,karup,100,DK,1580008236,93,56.31,9.17,42.8,9.17
86,nome,1,US,1580008150,82,64.5,-165.41,-16.6,8.72
87,hofn,82,IS,1580007716,86,64.25,-15.21,38.97,16.04
88,cap-aux-meules,75,CA,1580008081,85,47.38,-61.86,24.8,4.7
89,butaritari,100,KI,1580008237,72,3.07,172.79,85.51,9.89
90,bluff,57,NZ,1580008185,52,-46.6,168.33,66.49,8.52
91,bektemir,90,UZ,1580008237,92,41.21,69.33,30.2,4.7
92,kropotkin,100,RU,1580008237,74,45.44,40.58,41.0,21.21
93,sembakung,15,ID,1580008238,58,3.82,117.25,89.62,2.01
94,blackwater,100,AU,1580008238,49,-23.58,148.88,88.59,11.54
95,tigzirt,52,DZ,1580008191,67,36.89,4.12,58.21,10.71
96,kodiak,90,US,1580007696,61,57.79,-152.41,17.6,19.46
97,nikolskoye,20,RU,1580007805,86,59.7,30.79,30.99,4.47
98,saint-paul,46,RE,1580008238,83,-21.01,55.27,73.4,1.12
99,bengkulu,100,ID,1580008153,58,-3.8,102.27,87.44,2.1
100,fort nelson,40,NL,1580008239,82,52.65,6.39,36.0,6.93
101,port-gentil,2,GA,1580008239,79,-0.72,8.78,83.1,11.14
102,taoudenni,10,ML,1580008239,26,22.68,-3.98,67.41,4.63
103,avarua,100,CK,1580008239,83,-21.21,-159.78,84.2,11.41
104,miri,75,MY,1580008137,84,4.41,114.01,86.0,5.82
105,shitanjing,76,CN,1580008240,71,39.23,106.34,28.29,3.15
106,oda,75,JP,1580008240,61,35.18,132.5,48.2,2.24
107,cape town,0,CL,1580008240,47,-36.41,-71.9,77.0,12.75
108,hermanus,83,ZA,1580008141,98,-34.42,19.23,57.0,7.0
109,dikson,100,RU,1580008240,95,73.51,80.55,-5.84,5.39
110,sao joao da barra,27,IN,1580008240,35,20.51,76.21,70.23,3.36
111,saint-pierre,90,RE,1580008180,83,-21.34,55.48,73.4,9.17
112,clyde river,90,US,1580008241,86,41.3,-82.98,34.0,16.11
113,aklavik,90,CA,1580007690,68,68.22,-135.01,-14.8,18.34
114,brownwood,1,US,1580008241,87,31.71,-98.99,59.0,10.29
115,pangnirtung,100,CA,1580007909,99,66.15,-65.71,-36.89,2.98
116,cockburn harbour,0,AU,1580008241,19,-32.08,141.0,89.6,12.75
117,bardiyah,33,LY,1580008242,63,31.76,25.09,55.36,10.76
118,torbay,5,CA,1580007709,78,47.67,-52.73,19.99,16.11
119,padang,93,ID,1580008171,87,-0.95,100.35,77.05,1.16
120,qaanaaq,55,GL,1580007688,43,77.48,-69.36,-12.03,4.43
121,chernyshevskiy,100,RU,1580008242,96,63.01,112.47,4.87,11.23
122,faanui,62,PF,1580008011,72,-16.48,-151.75,83.16,8.79
123,bandarbeyla,52,SO,1580008189,81,9.49,50.81,78.28,20.22
124,sao jose do calcado,27,IN,1580008243,35,20.51,76.21,70.23,3.36
125,djambala,81,CG,1580008243,83,-2.54,14.75,71.33,0.87
126,paamiut,86,GL,1580007695,64,61.99,-49.67,18.12,23.8
127,yellowknife,90,CA,1580008159,85,62.46,-114.35,10.4,6.93
128,kavieng,48,PG,1580007710,72,-2.57,150.8,84.87,11.7
129,kangaatsiaq,100,GL,1580008174,92,68.31,-53.46,13.21,10.6
130,mount gambier,75,GB,1580008244,93,53.66,-1.85,45.0,9.17
131,hasaki,75,JP,1580008171,93,35.73,140.83,43.0,8.05
132,coahuayana,40,MX,1580008200,88,18.73,-103.68,68.0,3.67
133,oktyabrskiy,39,RU,1580007719,98,54.48,53.47,11.79,1.61
134,rongcheng,100,CN,1580008244,97,30.63,117.85,39.63,3.62
135,tarauaca,0,BR,1580008245,87,-8.16,-70.77,74.12,2.1
136,abonnema,57,NG,1580008245,68,4.71,6.79,75.06,4.23
137,lakes entrance,1,US,1580008245,76,61.61,-149.31,5.0,0.81
138,basco,85,PH,1580008245,79,20.45,121.97,79.38,18.59
139,khandyga,0,RU,1580008246,92,62.67,135.6,-40.04,0.67
140,vieques,90,PR,1580008246,100,18.43,-65.83,75.99,4.34
141,vila velha,75,PT,1580008217,100,42.03,-8.16,52.0,6.93
142,victor harbor,90,US,1580008246,80,42.98,-77.41,37.4,9.17
143,upernavik,100,GL,1580007707,94,72.79,-56.15,-14.24,7.61
144,new norfolk,0,LR,1580008246,97,6.65,-10.59,72.77,1.74
145,beaufort,75,MY,1580008246,88,5.35,115.75,82.4,1.12
146,shihezi,94,CN,1580008196,92,44.3,86.03,7.38,2.93
147,bograd,40,RU,1580008246,92,54.23,90.83,19.4,2.24
148,grand-santi,100,GF,1580008247,99,4.25,-54.38,72.1,2.95
149,saint-philippe,90,RE,1580007865,83,-21.36,55.77,73.4,9.17
150,karabuk,33,TR,1580008247,50,41.2,32.63,26.62,4.09
151,sault sainte marie,75,FR,1580008247,100,44.09,5.41,50.0,5.68
152,san patricio,6,ML,1580008247,10,13.3,-4.9,72.61,10.58
153,aldan,95,RU,1580008247,91,58.6,125.39,1.04,8.61
154,beyneu,99,KZ,1580008247,84,45.32,55.2,35.19,22.97
155,progreso,20,MX,1580008248,69,21.28,-89.67,73.4,6.93
156,mogadishu,100,SO,1580008162,82,2.04,45.34,81.23,23.13
157,saskylakh,99,RU,1580008184,93,71.92,114.08,-20.51,16.46
158,morro bay,99,EC,1580008248,82,-2.63,-80.33,79.0,1.01
159,castro,0,BR,1580007664,93,-24.79,-50.01,61.63,2.84
160,marawi,0,PH,1580008248,81,8.0,124.29,84.0,5.99
161,ponta delgada,99,PT,1580008248,74,38.73,-28.27,54.21,5.59
162,fare,26,PF,1580008249,74,-16.7,-151.02,83.05,10.67
163,muros,75,ES,1580007704,100,42.78,-9.06,48.99,4.7
164,hilo,90,US,1580008249,57,19.73,-155.09,80.6,3.36
165,caraballeda,76,VE,1580008249,87,10.61,-66.85,77.0,2.24
166,esperance,95,AU,1580008183,44,-33.87,121.9,80.6,5.82
167,niort,98,FR,1580008249,93,46.33,-0.33,50.0,3.36
168,najran,0,SA,1580007915,54,17.49,44.13,53.6,1.79
169,bredasdorp,68,ZA,1580007694,72,-34.53,20.04,62.6,18.34
170,tecpatan,40,MX,1580008250,69,17.13,-93.3,75.2,19.46
171,rawson,0,AR,1580008169,42,-43.3,-65.1,72.3,20.87
172,katsuura,75,JP,1580008161,86,35.13,140.3,43.0,3.36
173,granville,40,AU,1580008118,46,-33.83,151.02,102.0,11.41
174,coos bay,90,US,1580008250,93,43.17,-124.0,55.99,3.24
175,sao filipe,27,IN,1580008243,35,20.51,76.21,70.23,3.36
176,kachug,72,RU,1580008250,82,53.96,105.88,7.12,1.68
177,auki,0,SB,1580008195,73,-8.77,160.7,83.89,4.07
178,garmsar,0,IR,1580008251,63,35.22,52.34,36.55,6.87
179,peniche,20,PT,1580008251,93,39.36,-9.38,51.01,5.82
180,luderitz,0,NA,1580008149,88,-26.65,15.16,66.2,11.41
181,mandurah,0,AU,1580008251,40,-32.55,115.7,91.0,8.05
182,itarema,90,BR,1580008202,95,-2.92,-39.92,77.0,4.54
183,vysokogornyy,99,RU,1580008252,93,50.12,139.15,-4.79,8.12
184,hima,100,UG,1580008252,75,0.3,30.18,54.75,2.84
185,lukovetskiy,20,RU,1580008252,83,64.3,41.92,-13.0,3.27
186,kuytun,99,RU,1580008252,86,54.34,101.5,13.41,4.63
187,nelson bay,0,NZ,1580008252,41,-41.28,173.28,82.0,5.01
188,sambava,96,MG,1580008174,96,-14.27,50.17,71.71,2.01
189,nueva florida,75,EC,1580008253,88,-1.72,-79.83,81.0,4.7
190,luganville,20,VU,1580008253,66,-15.53,167.17,86.0,6.93
191,vao,91,NC,1580007808,79,-22.67,167.48,77.95,15.61
192,ahipara,94,NZ,1580008150,84,-35.17,173.17,69.64,15.66
193,ust-uda,85,RU,1580008254,87,54.17,103.03,9.5,5.12
194,moroni,100,KM,1580008075,87,-11.7,43.26,76.95,1.88
195,tigil,100,RU,1580008255,80,57.8,158.67,31.77,16.33
196,bethel,90,US,1580007494,100,41.37,-73.41,46.99,3.36
197,constitucion,0,CL,1580008255,67,-35.33,-72.42,63.21,5.7
198,flinders,40,AU,1580008179,44,-34.58,150.86,98.01,11.41
199,gizo,31,SB,1580008255,68,-8.1,156.84,83.55,8.46
200,ribeira grande,75,ES,1580008256,100,42.75,-8.44,48.99,4.7
201,ginir,100,ET,1580008256,81,7.13,40.7,60.08,0.81
202,drayton valley,75,AU,1580008256,61,-27.58,151.92,86.0,5.82
203,souillac,75,MU,1580007706,78,-20.52,57.52,77.0,11.41
204,pabrade,75,LT,1580008256,97,55.0,25.78,36.0,4.7
205,aksu,100,CN,1580008000,71,41.12,80.26,24.3,1.88
206,faya,20,SA,1580007710,70,18.39,42.45,46.4,6.93
207,pimentel,75,PE,1580008257,29,-6.84,-79.93,66.2,10.29
208,muravlenko,88,RU,1580008257,95,63.79,74.52,-0.24,9.53
209,ponta do sol,99,PT,1580008257,74,38.73,-28.27,54.21,5.59
210,alofi,22,NU,1580008188,83,-19.06,-169.92,82.4,9.17
211,longyearbyen,7,SJ,1580008175,54,78.22,15.64,1.4,2.06
212,airai,48,TL,1580008154,63,-8.93,125.41,82.2,3.29
213,sokoto,0,NG,1580008258,12,13.06,5.24,64.85,15.5
214,chicama,75,PE,1580008199,94,-7.84,-79.15,73.4,6.93
215,sola,63,VU,1580008189,75,-13.88,167.55,83.3,10.25
216,zlonice,90,CZ,1580008258,92,50.29,14.09,33.01,1.12
217,bambous virieux,75,MU,1580008258,83,-20.26,57.41,77.0,13.87
218,qasigiannguit,92,GL,1580008259,46,68.82,-51.19,6.8,10.29
219,mae hong son,90,CN,1580008259,86,34.82,108.93,37.4,13.42
220,yulara,0,AU,1580007689,9,-25.24,130.99,93.2,10.29
221,kokorevka,8,RU,1580008259,86,52.59,34.28,30.2,13.42
222,wajima,75,JP,1580008260,60,37.4,136.9,46.4,10.29
223,nanortalik,100,GL,1580008165,75,60.14,-45.24,23.34,16.98
224,hithadhoo,100,MV,1580007701,77,-0.6,73.08,82.49,9.75
225,forrest city,1,US,1580008260,87,31.31,-89.29,45.0,1.01
226,virginia beach,40,US,1580008261,87,37.55,-77.45,46.4,4.7
227,san pedro,6,ML,1580008070,10,13.3,-4.9,72.61,10.58
228,banjarmasin,40,ID,1580008201,70,-3.32,114.59,87.8,2.24
229,nisia floresta,20,GR,1580008261,90,39.39,21.64,43.0,5.95
230,aripuana,100,BR,1580008261,97,-9.17,-60.63,74.91,0.51
231,yar-sale,83,RU,1580008261,100,66.83,70.83,-8.99,3.53
232,pisco,90,PE,1580008156,83,-13.7,-76.22,73.4,17.22
233,harper,26,LR,1580008262,96,4.38,-7.72,76.82,0.87
234,karratha,0,AU,1580008262,71,-20.74,116.85,85.62,9.53
235,colborne,90,CA,1580008262,97,44.0,-77.88,36.0,14.74
236,minudasht,0,IR,1580008262,86,37.23,55.37,30.2,6.78
237,lorengau,85,PG,1580007696,71,-2.02,147.27,84.22,6.04
238,havre-saint-pierre,90,CA,1580008262,85,50.23,-63.6,15.8,2.24
239,puerto colombia,90,ES,1580008207,100,36.59,-6.23,53.6,4.54
240,puerto pinasco,90,ES,1580008263,100,36.59,-6.23,53.6,4.54
241,margate,90,GB,1580008263,100,51.38,1.39,46.0,10.29
242,champerico,38,GT,1580008264,85,14.3,-91.92,75.31,4.12
243,sipkovica,75,MK,1580008266,80,42.03,20.92,37.0,1.12
244,victoria,40,HK,1580008145,87,22.29,114.16,62.01,10.29
245,tromso,75,NO,1580008267,92,69.65,18.96,15.8,3.36
246,oxbow,90,CA,1580008267,92,49.23,-102.17,33.8,6.93
247,mount isa,75,GB,1580008267,93,53.66,-1.85,45.0,9.17
248,lensk,100,RU,1580008267,93,60.73,114.93,20.79,10.89
249,port elizabeth,98,CD,1580008217,71,-7.03,29.76,76.24,0.92
250,ushtobe,100,KZ,1580008267,97,45.25,77.98,26.76,5.61
251,palu,26,ID,1580008190,48,-0.89,119.87,87.22,2.86
252,ballina,75,AU,1580008268,65,-28.87,153.57,87.01,17.22
253,phalaborwa,9,ZA,1580008268,88,-23.94,31.14,69.8,2.24
254,belmonte,90,BR,1580008192,83,-15.86,-38.88,80.6,13.87
255,mathbaria,0,BD,1580008268,38,22.29,89.96,65.25,4.47
256,high level,90,US,1580008268,54,33.61,-95.75,59.0,13.87
257,marienburg,75,PL,1580008269,93,54.04,19.03,41.0,9.17
258,kieta,17,PG,1580007700,72,-6.22,155.63,84.7,8.59
259,provideniya,0,RU,1580008151,69,64.38,-173.3,-5.44,3.4
260,dieppe,75,FR,1580008269,100,49.75,1.17,37.99,5.82
261,gigmoto,90,PH,1580008269,81,13.78,124.39,81.14,12.53
262,cidreira,74,BR,1580007515,68,-30.18,-50.21,75.56,14.32
263,balikpapan,40,ID,1580008270,83,-1.27,116.83,84.2,4.7
264,ningbo,90,CN,1580008270,93,29.88,121.55,48.2,2.24
265,larsnes,100,NO,1580008270,81,62.2,5.58,46.4,18.34
266,nemuro,20,JP,1580008154,48,43.32,145.57,19.4,12.75
267,wanparti,8,IN,1580008270,57,16.37,78.07,72.84,3.98
268,sorland,100,NO,1580007998,74,67.67,12.69,35.04,29.84
269,paciran,18,ID,1580008270,64,-6.88,112.38,87.46,4.07
270,leningradskiy,98,RU,1580008209,96,69.38,178.42,-12.55,4.12
271,dondo,32,MZ,1580008271,94,-19.61,34.74,73.4,4.7
272,chumikan,0,RU,1580008271,73,54.72,135.31,-4.05,19.35
273,isla mujeres,75,PH,1580008271,52,15.89,120.3,88.52,2.1
274,ialibu,91,PG,1580008271,82,-6.28,143.99,72.01,5.53
275,vestmannaeyjar,100,IS,1580008196,96,63.44,-20.27,33.46,15.32
276,maceio,75,BR,1580007976,94,-9.67,-35.74,77.0,5.82
277,kutum,0,SD,1580008162,42,14.2,24.67,39.6,5.14
278,agadir,20,MA,1580008147,100,30.42,-9.6,48.2,6.93
279,bell ville,90,US,1580008272,93,31.05,-97.47,61.0,10.29
280,ostrovnoy,100,RU,1580008272,98,68.05,39.51,1.87,10.38
281,nabannagan,100,PH,1580008272,71,18.07,121.53,82.33,5.01
282,lazaro cardenas,99,DO,1580008272,89,19.46,-71.33,71.01,1.01
283,hami,0,CN,1580007396,62,42.8,93.45,11.79,1.41
284,tottori,75,JP,1580008265,57,35.5,134.23,51.8,2.24
285,balkhash,31,KZ,1580008135,91,46.84,74.98,-0.4,6.71
286,broome,90,US,1580008273,99,42.25,-75.83,35.01,6.93
287,omboue,2,GA,1580008273,95,-1.57,9.26,75.56,1.48
288,mount pleasant,75,GB,1580008244,93,53.66,-1.85,45.0,9.17
289,goderich,100,CA,1580007724,93,43.75,-81.72,36.0,3.0
290,salalah,75,OM,1580008151,78,17.02,54.09,77.0,3.36
291,sept-iles,75,CA,1580008188,67,50.2,-66.38,17.6,5.82
292,surazh,0,RU,1580008274,90,53.02,32.39,29.39,9.1
293,hay river,96,GB,1580008274,98,52.07,-3.13,46.0,1.99
294,clinton,90,US,1580008274,100,42.59,-82.92,35.01,6.93
295,phaphund,0,IN,1580008148,60,26.6,79.47,54.32,4.21
296,guerrero negro,100,MX,1580008274,97,17.67,-100.0,54.54,0.98
297,imbituba,33,BR,1580008274,88,-28.24,-48.67,73.4,3.36
298,iquique,90,CL,1580008274,88,-20.22,-70.14,73.4,2.24
299,araouane,100,ML,1580008159,9,18.9,-3.53,75.78,7.18
300,ixtapa,75,MX,1580008038,94,20.7,-105.2,72.0,3.36
301,arkadak,44,RU,1580008275,89,51.93,43.5,25.48,17.72
302,kholtoson,20,RU,1580008275,73,50.3,103.31,5.72,2.1
303,abeche,0,TD,1580008275,18,13.83,20.83,59.02,24.96
304,teluknaga,20,ID,1580008275,74,-6.1,106.64,91.0,2.24
305,rio grande,40,GR,1580008276,100,38.3,21.78,46.4,4.7
306,majene,29,ID,1580008276,78,-3.54,118.97,83.55,2.04
307,salisbury,36,GB,1580008276,100,51.07,-1.8,46.99,8.05
308,plouzane,21,FR,1580008276,93,48.38,-4.62,45.0,8.05
309,lingyuan,0,CN,1580008276,38,41.24,119.4,30.33,1.25
310,yenagoa,89,NG,1580008276,64,4.92,6.26,70.66,0.47
311,banda aceh,0,IN,1580008276,55,25.48,80.33,55.8,4.34
312,samarai,79,PG,1580007701,74,-10.62,150.67,84.76,4.03
313,mitu,85,CO,1580008277,88,1.2,-70.17,75.96,1.61
314,sozimskiy,100,RU,1580008277,96,59.74,52.25,9.88,3.67
315,autun,100,FR,1580008277,96,46.95,4.3,33.8,1.1
316,lucapa,100,AO,1580008277,92,-8.42,20.74,67.53,4.05
317,rock sound,90,US,1580008277,95,42.67,-89.07,34.0,9.17
318,wanning,100,CN,1580008277,86,18.8,110.4,62.89,11.99
319,klaksvik,100,FO,1580007722,93,62.23,-6.59,44.6,19.46
320,laguna,90,US,1580008176,86,38.42,-121.42,57.99,6.93
321,vanimo,61,PG,1580008278,82,-2.67,141.3,83.39,16.02
322,cayenne,90,GF,1580007701,94,4.93,-52.33,75.2,9.17
323,vostok,51,RU,1580008184,77,46.49,135.88,5.63,6.69
324,nioro,67,GM,1580008279,12,13.35,-15.75,72.72,4.68
325,zarubino,0,RU,1580008279,58,42.63,131.09,23.29,14.03
326,grand centre,90,US,1580008279,92,38.88,-109.5,32.0,8.05
327,wewak,11,PG,1580008279,78,-3.55,143.63,84.63,10.11
328,barahona,31,DO,1580008279,77,18.21,-71.1,77.2,6.35
329,atyrau,90,KZ,1580008279,100,47.12,51.88,33.8,22.37
330,platanos,40,GR,1580008279,100,37.67,21.62,46.4,4.7
331,nouadhibou,100,MR,1580008170,68,20.93,-17.03,64.4,20.8
332,cherskiy,100,RU,1580007685,96,68.75,161.3,-17.93,2.71
333,kahului,20,US,1580008185,57,20.89,-156.47,82.4,14.99
334,sungairaya,74,ID,1580008280,64,0.7,108.9,87.71,1.79
335,kushima,75,JP,1580008280,93,31.46,131.23,51.8,8.05
336,eydhafushi,100,MV,1580008280,70,5.1,73.07,81.61,7.23
337,belem de sao francisco,100,BR,1580008208,88,-1.46,-48.5,78.8,3.36
338,elliot lake,0,ZA,1580008281,59,-31.33,27.85,65.62,8.77
339,sturgeon bay,90,US,1580008281,86,40.38,-80.21,36.0,11.41
340,vagay,100,RU,1580008281,97,57.94,69.02,4.89,5.39
341,dalianwan,100,CN,1580008281,40,39.03,121.69,33.8,6.71
342,husavik,90,IS,1580008101,92,66.04,-17.34,28.4,10.29
343,vardo,100,NO,1580007716,85,70.37,31.11,17.6,29.97
344,puerto narino,90,ES,1580008282,100,36.59,-6.23,53.6,4.54
345,rio gallegos,40,GR,1580008276,100,38.3,21.78,46.4,4.7
346,inhambane,22,MZ,1580008218,80,-23.86,35.38,77.94,9.93
347,iwanai,100,JP,1580008282,84,42.97,140.51,22.32,8.37
348,shimoda,75,JP,1580008201,93,34.67,138.95,44.6,20.8
349,jalu,43,LY,1580008282,46,29.03,21.55,50.99,9.4
350,chuy,3,UY,1580007701,80,-33.7,-53.46,65.59,5.46
351,port blair,98,CD,1580008283,71,-7.03,29.76,76.24,0.92
352,ulsteinvik,100,NO,1580008283,81,62.34,5.85,46.4,18.34
353,pore,95,CO,1580008283,58,5.73,-71.99,79.72,3.11
354,egvekinot,67,RU,1580008283,89,66.32,-179.17,-5.75,4.85
355,mys shmidta,100,RU,1580008283,96,62.06,48.62,1.78,4.52
356,alice springs,90,US,1580008284,93,27.75,-98.07,68.0,5.82
357,ilulissat,92,GL,1580008154,46,69.22,-51.1,8.6,10.29
358,lavrentiya,0,RU,1580008165,77,65.58,-171.0,-13.47,3.15
359,salinas,90,US,1580008284,93,36.68,-121.66,61.0,4.7
360,kalmar,98,SE,1580008284,87,56.66,16.36,43.0,12.75
361,kommunisticheskiy,92,RU,1580008284,99,61.68,64.48,-8.52,3.67
362,bud,90,US,1580008284,86,39.45,-86.18,34.0,12.75
363,saint-denis,62,FR,1580008284,93,48.92,2.33,41.0,3.36
364,shu,100,KZ,1580008285,96,43.6,73.76,21.63,5.28
365,mitsamiouli,100,KM,1580008285,87,-11.38,43.28,76.95,1.88
366,teberda,30,RU,1580008285,47,43.45,41.74,14.43,17.72
367,jilin,0,CN,1580008285,81,43.0,126.0,13.41,3.67
368,portland,90,US,1580008195,81,45.52,-122.68,54.0,10.29
369,totolapan,5,MX,1580008285,88,18.52,-96.18,73.4,3.44
370,fairbanks,1,US,1580008160,74,64.84,-147.72,-9.99,6.04
371,cockburn town,0,AU,1580008286,19,-32.08,141.0,89.6,12.75
372,norman wells,100,US,1580008286,71,35.22,-97.44,55.4,9.17
373,isilkul,100,RU,1580008286,91,54.91,71.27,12.97,16.06
374,matara,87,LK,1580008286,72,5.95,80.54,78.03,6.2
375,lompoc,90,US,1580008194,93,34.64,-120.46,59.0,8.05
376,sovetskiy,91,RU,1580008287,98,61.36,63.58,-5.19,3.44
377,krasnyy kut,0,RU,1580008287,86,54.57,31.43,28.13,7.9
378,okhotsk,100,RU,1580008189,72,59.38,143.3,-11.83,15.93
379,isiro,86,CD,1580008287,47,2.77,27.62,62.26,2.86
380,tecoanapa,0,MX,1580008190,80,16.52,-98.75,74.75,0.74
381,evensk,100,RU,1580007516,87,61.95,159.23,15.19,21.16
382,san pedro de macoris,6,ML,1580008039,10,13.3,-4.9,72.61,10.58
383,touho,73,NC,1580008288,57,-20.78,165.23,84.29,11.1
384,aqtobe,90,KZ,1580008169,92,50.28,57.21,28.4,26.84
385,gumdag,0,TM,1580008288,69,39.21,54.59,33.04,4.7
386,lakeway,90,US,1580008289,100,30.36,-97.98,60.01,4.7
387,saldanha,83,ZA,1580007703,93,-33.01,17.94,59.0,8.05
388,luena,100,AO,1580008211,98,-11.78,19.92,63.81,3.6
389,aksarka,93,RU,1580008154,100,66.56,67.8,-9.6,3.69
390,payson,1,US,1580008289,80,40.04,-111.73,37.99,3.38
391,puerto escondido,90,ES,1580008207,100,36.59,-6.23,53.6,4.54
392,trairi,100,BR,1580008289,94,-3.28,-39.27,75.9,2.84
393,tayu,0,ID,1580008159,60,-6.54,111.05,89.11,2.57
394,valdosta,1,US,1580008075,81,30.83,-83.28,48.2,5.77
395,aberdeen,90,GB,1580008135,87,57.14,-2.1,44.01,10.29
396,kutulik,69,RU,1580008290,87,53.35,102.78,11.7,6.93
397,pedasi,22,PA,1580008290,75,7.53,-80.03,78.66,20.13
398,sungaipenuh,80,ID,1580008290,84,-2.08,101.38,74.26,1.16
399,denpasar,20,ID,1580008290,74,-8.65,115.22,87.8,8.05
400,suba,34,PH,1580008291,88,10.84,121.01,79.86,9.69
401,chara,46,RU,1580008291,84,56.91,118.26,0.79,2.66
402,severo-kurilsk,100,RU,1580008165,92,50.68,156.12,18.86,40.24
403,kyzyl-suu,100,KG,1580008291,57,42.34,78.0,25.21,6.04
404,plettenberg bay,44,DE,1580008291,100,51.22,7.88,36.0,3.36
405,moerai,96,PF,1580008292,75,-22.43,-151.33,81.54,9.31
406,asau,25,RO,1580007708,92,46.43,26.4,28.99,4.7
407,mecca,0,SA,1580008027,29,21.43,39.83,57.22,11.59
408,cavan,100,IE,1580008292,82,53.99,-7.36,46.99,7.0
409,paraiso,40,CR,1580008174,68,9.84,-83.87,70.0,11.41
410,pitimbu,20,BR,1580008292,88,-7.47,-34.81,80.6,5.82
411,nouakchott,99,MR,1580008186,27,18.09,-15.98,77.0,13.87
412,bilibino,100,RU,1580008141,89,68.05,166.44,-3.91,5.28
413,svetlogorsk,29,BY,1580008293,96,52.63,29.73,30.49,7.9
414,yaguajay,0,CU,1580008293,71,22.33,-79.24,74.17,9.71
415,arman,100,RU,1580008293,92,59.7,150.17,-2.0,19.26
416,oneonta,100,US,1580008293,85,42.45,-75.06,34.0,4.76
417,san rafael del sur,6,ML,1580008039,10,13.3,-4.9,72.61,10.58
418,rocha,0,UY,1580008163,78,-34.48,-54.33,60.19,4.52
419,bosaso,26,SO,1580008294,78,11.28,49.18,76.39,3.69
420,talcahuano,0,CL,1580007423,68,-36.72,-73.12,68.0,10.29
421,dingle,31,PH,1580008160,73,11.0,122.67,84.15,5.21
422,odienne,0,CI,1580008294,14,9.51,-7.57,66.79,2.42
423,biloxi,20,US,1580008294,81,30.4,-88.89,50.0,3.36
424,madona,83,LV,1580008294,91,56.85,26.22,31.77,8.79
425,volodarka,19,UA,1580008294,92,49.52,29.91,29.43,6.8
426,stornoway,100,GB,1580008295,93,58.21,-6.39,46.4,32.21
427,pandan,35,PH,1580008295,77,14.05,124.17,80.85,4.61
428,kalmunai,88,LK,1580008295,70,7.42,81.82,80.01,14.27
429,boyolangu,64,ID,1580008295,74,-8.12,111.89,82.94,6.78
430,hervey bay,90,US,1580008295,54,33.5,-93.78,53.6,10.29
431,labuhan,0,ID,1580008010,69,-6.88,112.21,84.81,4.83
432,honiara,20,SB,1580008296,66,-9.43,159.95,89.6,6.93
433,morondava,91,MG,1580008296,94,-20.28,44.28,74.43,3.58
434,tura,0,IN,1580007807,55,25.52,90.22,63.28,3.38
435,beringovskiy,100,RU,1580008296,85,63.05,179.32,14.74,5.86
436,tatvan,85,TR,1580008296,94,38.51,42.28,19.06,2.8
437,quelimane,99,MZ,1580008296,91,-17.88,36.89,71.78,4.45
438,zunyi,0,CN,1580008079,70,27.69,106.91,40.95,3.8
439,pinehurst,20,US,1580008296,93,35.2,-79.47,44.6,3.36
440,buala,0,SB,1580008152,59,-8.14,159.59,88.57,2.08
441,otjimbingwe,0,NA,1580008297,55,-22.35,16.13,60.89,2.04
442,kaitangata,5,NZ,1580007720,66,-46.28,169.85,68.0,10.45
443,motala,100,SE,1580008297,81,58.54,15.04,44.6,18.34
444,butterworth,20,MY,1580008297,66,5.4,100.36,86.0,6.93
445,brae,100,GB,1580008298,93,60.4,-1.35,46.4,17.22
446,slonim,100,BY,1580008298,90,53.09,25.32,34.23,5.82
447,caravelas,100,BR,1580007715,84,-17.71,-39.25,79.09,19.69
448,belle fourche,90,US,1580008299,92,38.29,-91.72,34.0,2.08
449,gorom-gorom,83,BF,1580008299,10,14.44,-0.24,68.72,9.37
450,kasongo-lunda,96,CD,1580008300,96,-6.47,16.82,68.9,0.63
451,luba,20,GQ,1580008300,83,3.46,8.55,71.6,5.82
452,vakhrushevo,90,RU,1580008300,92,55.23,61.72,17.6,6.71
453,khasan,0,RU,1580008300,49,42.43,130.64,25.86,7.94
454,roswell,1,US,1580008226,73,34.02,-84.36,39.2,6.93
455,calabozo,100,VE,1580008301,57,8.92,-67.43,83.07,6.98
456,manggar,90,ID,1580008301,77,-2.88,108.27,82.26,7.83
457,chadiza,0,ZM,1580008301,98,-14.07,32.44,63.05,2.48
458,ancud,76,CL,1580008099,87,-41.87,-73.82,59.0,4.7
459,badiraguato,40,MX,1580008302,73,25.37,-107.52,69.8,2.66
460,freeport,40,US,1580008241,81,40.66,-73.58,46.99,12.75
461,mountain home,2,CO,1580008302,71,13.37,-81.37,79.3,14.09
462,hobyo,100,SO,1580008302,81,5.35,48.53,77.79,10.33
463,vijes,40,CO,1580008302,94,3.7,-76.44,69.8,2.24
464,panzhihua,0,CN,1580008303,52,26.59,101.71,51.01,0.94
465,iberia,90,US,1580008303,76,29.95,-91.75,55.99,3.36
466,axim,53,GH,1580008170,92,4.87,-2.24,74.59,1.61
467,mbandaka,90,CD,1580008303,34,0.05,18.26,67.51,2.3
468,machico,20,PT,1580008303,71,32.7,-16.77,59.0,4.7
469,kozhva,91,RU,1580008304,100,65.11,57.05,-14.33,1.3
470,dutse,0,NG,1580008304,21,11.76,9.34,55.26,8.9
471,moron,0,AR,1580008305,54,-34.65,-58.62,80.6,10.29
472,hualmay,100,PE,1580008210,71,-11.1,-77.61,74.28,5.99
473,waldkirchen,100,DE,1580008305,87,48.73,13.6,32.0,1.01
474,san cristobal,6,ML,1580008305,10,13.3,-4.9,72.61,10.58
475,maxixe,22,MZ,1580008305,80,-23.86,35.35,77.94,9.93
476,ulladulla,40,AU,1580008306,44,-35.35,150.47,95.0,11.41
477,baiyin,90,CN,1580008306,79,36.56,104.21,28.99,4.47
478,grand river south east,90,US,1580008306,92,38.88,-109.5,32.0,8.05
479,half moon bay,0,LR,1580008306,97,6.38,-10.7,72.77,1.74
480,wuning,100,CN,1580008306,99,29.26,120.23,48.99,4.43
481,audincourt,92,FR,1580008307,93,47.48,6.85,37.4,5.82
482,langsa,100,ID,1580008307,60,4.47,97.97,84.34,4.65
483,batagay-alyta,0,RU,1580008307,54,67.8,130.41,-33.7,4.74
484,mormugao,10,IN,1580008307,73,15.4,73.8,73.4,2.24
485,yumen,0,CN,1580008307,61,40.28,97.2,20.57,1.07
486,silver city,90,US,1580008308,76,34.53,-93.51,48.99,2.13
487,chato,100,TZ,1580008308,75,-2.64,31.77,71.58,7.92
488,komsomolskiy,75,UZ,1580008041,86,40.43,71.72,37.4,4.7
489,baghmara,0,IN,1580008308,55,23.8,86.21,58.48,4.83
490,hamilton,90,US,1580008038,86,39.18,-84.53,34.0,11.41
491,gobindapur,0,IN,1580008309,82,22.59,88.09,57.2,3.94
492,izazi,100,TZ,1580008309,88,-7.2,35.73,66.2,1.05
493,pathein,41,MM,1580008309,50,16.78,94.73,75.15,7.74
494,santiago del estero,47,CL,1580008285,27,-33.46,-70.65,77.0,12.75
495,srednekolymsk,100,RU,1580008309,92,67.45,153.68,-23.49,2.33
496,moree,90,AU,1580008150,58,-29.47,149.85,84.2,12.75
497,wajid,97,SO,1580008310,65,3.81,43.25,76.42,19.66
498,that phanom,0,IN,1580008311,33,26.86,71.83,63.84,7.9
499,torres,40,BR,1580008210,67,-29.34,-49.73,73.92,16.17
500,kushmurun,100,KZ,1580008311,93,52.45,64.63,20.43,24.49
501,ust-tsilma,100,RU,1580008311,98,65.44,52.15,-12.8,3.15
502,burnie,100,AU,1580008312,54,-41.07,145.92,71.01,15.01
503,ngunguru,55,NZ,1580008312,71,-35.62,174.5,81.0,10.0
504,muroto,75,JP,1580008312,71,33.28,134.15,55.4,5.82
505,nortelandia,100,BR,1580008313,95,-14.45,-56.8,72.81,4.59
506,rani,0,IN,1580008313,37,25.35,73.31,64.45,4.27
507,manta,40,EC,1580008313,78,-0.95,-80.73,78.8,9.17
508,nsanje,0,MW,1580008313,97,-16.92,35.26,68.59,1.95
509,port hedland,98,CD,1580008283,71,-7.03,29.76,76.24,0.92
510,khani,0,GE,1580008314,92,41.96,42.96,28.4,3.36
511,nanfeng,99,CN,1580008314,87,23.74,111.8,50.72,4.65
512,komarikhinskiy,75,RU,1580008314,92,58.1,57.12,14.0,4.47
513,uppsala,96,SE,1580008273,87,60.0,17.75,44.01,13.87
514,sioux lookout,90,US,1580008315,100,42.73,-96.23,27.0,5.82
515,san jose de buan,6,ML,1580008070,10,13.3,-4.9,72.61,10.58
516,estelle,40,US,1580008125,87,29.85,-90.11,57.2,3.2
517,zhigansk,80,RU,1580008316,89,66.77,123.37,-32.06,12.64
518,eldorado,0,BR,1580008316,77,-23.79,-54.28,70.0,1.14
519,viedma,91,AR,1580008188,50,-40.81,-63.0,64.29,15.21
520,bang mun nak,0,CM,1580008316,17,9.87,13.98,60.1,7.9
521,chilliwack,40,CA,1580008317,93,49.17,-121.94,45.0,4.7
522,marsh harbour,75,GB,1580008317,93,53.65,-1.81,45.0,9.17
523,mehamn,100,NO,1580008182,76,71.04,27.85,18.21,20.45
524,gat,0,IL,1580008167,86,31.61,34.76,45.0,2.24
525,ahvaz,0,IR,1580008317,87,31.32,48.67,46.4,4.7
526,reinosa,0,ES,1580008318,87,43.0,-4.14,43.0,2.82
527,anito,0,PH,1580008318,81,12.45,125.29,81.34,14.56
528,sayyan,0,YE,1580008318,86,15.17,44.32,46.31,3.96
529,kathmandu,40,NP,1580008139,93,27.72,85.32,44.6,3.36
530,baykit,100,RU,1580008074,85,61.67,96.37,14.97,12.57
531,kismayo,67,SO,1580008319,88,-0.36,42.55,80.13,9.98
532,kibala,37,TD,1580008044,20,9.11,18.35,68.0,5.03
533,at-bashi,28,KG,1580008319,68,41.17,75.81,-2.97,3.36
534,kingman,1,US,1580008320,34,35.19,-114.05,64.4,3.36
535,nanchang,100,CN,1580008320,91,28.68,115.88,43.81,9.33
536,papara,20,BR,1580008320,79,-3.98,-38.73,86.0,9.17
537,verkhnyaya inta,100,RU,1580008320,93,60.98,40.21,12.99,6.89
538,gamba,60,GA,1580007904,85,-2.65,10.0,78.03,2.08
539,trowbridge,75,GB,1580008321,93,51.32,-2.21,46.99,8.05
540,nagtipunan,90,PH,1580008321,83,16.22,121.6,74.19,2.86
541,amga,0,RU,1580008321,93,60.9,131.96,-30.8,1.1
542,beloha,0,MG,1580008207,85,-25.17,45.05,67.44,10.22
543,santa cruz,94,PH,1580008322,64,17.49,120.43,83.41,7.67
544,kimberley,0,ZA,1580008322,83,-28.73,24.76,69.8,11.41
545,yeppoon,75,AU,1580008117,52,-23.13,150.73,91.4,10.29
546,flin flon,26,FR,1580008322,100,48.5,6.66,37.4,3.96
547,coruripe,25,BR,1580008322,87,-10.13,-36.18,80.74,13.15
548,hambantota,40,LK,1580008178,88,6.12,81.12,77.0,12.75
549,honningsvag,100,NO,1580008323,70,70.98,25.97,22.96,23.31
550,utinga,75,BR,1580008323,88,-5.82,-35.4,82.4,4.7
551,bafoulabe,86,ML,1580008155,9,13.81,-10.83,73.67,2.75
552,bloomington,90,US,1580008323,74,44.84,-93.3,28.99,8.05
553,ravar,58,IR,1580008323,56,31.27,56.81,38.82,7.99
554,lethem,100,GY,1580008323,59,3.38,-59.8,82.09,12.71
555,altay,100,CN,1580007725,66,47.87,88.12,16.79,2.55
556,dong hoi,59,CM,1580008324,24,4.89,12.01,59.34,2.62
557,tautira,40,PF,1580007804,70,-17.73,-149.15,86.0,8.05
558,oussouye,50,SN,1580008186,50,12.48,-16.55,70.66,7.05
559,mapiripan,49,CO,1580008324,62,2.89,-72.13,79.74,4.32
560,vytegra,100,RU,1580008142,90,61.01,36.45,20.8,9.22
561,itaituba,100,BR,1580008183,99,-4.28,-55.98,73.17,2.57
562,rovaniemi,100,FI,1580008169,84,66.5,25.72,1.4,11.41
563,gorodovikovsk,100,RU,1580008325,78,46.09,41.93,41.29,23.87
564,kourou,90,GF,1580008325,94,5.16,-52.65,75.2,9.17
565,chitipa,96,MW,1580008325,95,-9.7,33.27,62.87,0.31
